<?xml version = "1.0" encoding = "UTF-8"?>

<beans xmlns = "http://www.springframework.org/schema/beans"
   xmlns:xsi = "http://www.w3.org/2001/XMLSchema-instance"
   xmlns:context = "http://www.springframework.org/schema/context"
     xmlns:p="http://www.springframework.org/schema/p"
   xsi:schemaLocation = "http://www.springframework.org/schema/beans
   http://www.springframework.org/schema/beans/spring-beans-3.0.xsd
   http://www.springframework.org/schema/context
   http://www.springframework.org/schema/context/spring-context-3.0.xsd">
   
   
   
	<bean class="org.springframework.context.annotation.CommonAnnotationBeanPostProcessor" />
   
   <bean id="AO" class="com.jlcindia.spring.A">
   <property name="a" value="99"/>
   <property name="msg" value="AAA"/>
   </bean>
   
   
   
   <bean id="bobj" class="com.jlcindia.spring.B">
   <constructor-arg value="88"/>
   <constructor-arg value="BBB"/>
   </bean>
   
   
   
   <bean id="HELLO" class="com.jlcindia.spring.Hello" init-method="myInit" destroy-method="mycleanup" autowire="byName">
   <constructor-arg value="99"/>
   <property name="str" value="Hello guyz"/>
   </bean>
   
   
   
   <bean class="com.jlcindia.spring.MyBeanPostProcessor"/>
   
   
   
   
   </beans>